Const,Name,Known For,Birth Date
0000134,Robert De Niro,Cape Fear,17-Aug-43
0000197,Jack Nicholson,Chinatown,22-Apr-37
0000008,Marlon Brando,Apocalypse Now,3-Apr-24
0000243,Denzel Washington,Fences,28-Dec-54
0000031,Katharine Hepburn,The Lion in Winter,12-May-07
0000007,Humphrey Bogart,Casablanca,"December 25, 1899"
0000658,Meryl Streep,Out of Africa,22-Jun-49
0000358,Daniel Day-Lewis,There Will Be Blood,29-Apr-57
0001627,Sidney Poitier,In the Heat of the Night,20-Feb-27
0000022,Clark Gable,It Happened One Night,1-Feb-01
0000006,Ingrid Bergman,Casablanca,29-Aug-15
0000158,Tom Hanks,Cast Away,9-Jul-56
0000072,Elizabeth Taylor,Who's Afraid of Virginia Woolf?,27-Feb-32
0000012,Bette Davis,All About Eve,5-Apr-08
0000060,Gregory Peck,To Kill a Mockingbird,5-Apr-16
0000138,Leonardo DiCaprio,Inception,11-Nov-74
0000949,Cate Blanchett,Carol,14-May-69
0000030,Audrey Hepburn,Breakfast at Tiffany's,4-May-29
0000075,Spencer Tracy,Guess Who's Coming to Dinner,5-Apr-00
0000701,Kate Winslet,Eternal Sunshine of the Spotless Mind,5-Oct-75
0451321,Shah Rukh Khan,Don 2,2-Nov-65
0205626,Viola Davis,Fences,11-Aug-65
0000047,Sophia Loren,La ciociara,20-Sep-34
0000026,Cary Grant,North by Northwest,18-Jan-04
0000046,Vivien Leigh,A Streetcar Named Desire,5-Nov-13
0000054,Marilyn Monroe,Some Like It Hot,1-Jun-26
0000059,Laurence Olivier,Sleuth,22-May-07
0000071,James Stewart,Vertigo,20-May-08
0000537,Steve McQueen,The Great Escape,24-Mar-30
0000473,Diane Keaton,Annie Hall,5-Jan-46
0000210,Julia Roberts,Pretty Woman,28-Oct-67
0000149,Jodie Foster,The Silence of the Lambs,19-Nov-62
0000023,Judy Garland,The Wizard of Oz,10-Jun-22
0000151,Morgan Freeman,Se7en,1-Jun-37
0000056,Paul Newman,The Hustler,26-Jan-25
0000020,Henry Fonda,12 Angry Men,16-May-05
0000366,Catherine Deneuve,8 femmes,22-Oct-43
0000038,Grace Kelly,Dial M for Murder,12-Nov-29
0000545,Helen Mirren,The Queen,26-Jul-45
0000010,James Cagney,Angels with Dirty Faces,"July 17, 1899"
0000291,Angela Bassett,Black Panther,16-Aug-58
0000136,Johnny Depp,Sweeney Todd: The Demon Barber of Fleet Street,9-Jun-63
0001256,Greta Garbo,Ninotchka,18-Sep-05
0000014,Olivia de Havilland,Gone with the Wind,1-Jul-16
0000122,Charles Chaplin,The Great Dictator,"April 16, 1889"
0361697,Setsuko Hara,Banshun,17-Jun-20
0000267,Julie Andrews,The Sound of Music,1-Oct-35
0001050,Montgomery Clift,From Here to Eternity,17-Oct-20
0001376,Isabelle Huppert,Elle,16-Mar-53
0000199,Al Pacino,Serpico,25-Apr-40
0000028,Rita Hayworth,Gilda,17-Oct-18
0000932,Halle Berry,Catwoman,14-Aug-66
0000015,James Dean,East of Eden,8-Feb-31
0000018,Kirk Douglas,The Final Countdown,9-Dec-16
0000081,Natalie Wood,Rebel Without a Cause,20-Jul-38
0000052,Marcello Mastroianni,La dolce vita,28-Sep-24
0001076,Joan Crawford,What Ever Happened to Baby Jane?,23-Mar-06
0000148,Harrison Ford,Raiders of the Lost Ark,13-Jul-42
0000215,Susan Sarandon,Thelma & Louise,4-Oct-46
0000037,Gene Kelly,Singin' in the Rain,23-Aug-12
0000335,Glenn Close,Fatal Attraction,19-Mar-47
0000021,Joan Fontaine,Rebecca,22-Oct-17
0000194,Julianne Moore,Far from Heaven,3-Dec-60
0000226,Will Smith,The Fresh Prince of Bel-Air,25-Sep-68
0000045,Bruce Lee,Jing wu men,27-Nov-40
0005093,Regina King,Ray,15-Jan-71
0001401,Angelina Jolie,Maleficent,4-Jun-75
0000078,John Wayne,True Grit,26-May-07
0000404,Jane Fonda,Klute,21-Dec-37
0000032,Charlton Heston,Ben-Hur,4-Oct-23
0000011,Gary Cooper,High Noon,7-May-01
0000164,Anthony Hopkins,The Silence of the Lambs,31-Dec-37
0880521,Liv Ullmann,Viskningar och rop,16-Dec-38
0000204,Natalie Portman,Black Swan,9-Jun-81
0000367,Gérard Depardieu,Cyrano de Bergerac,27-Dec-48
0001845,Forest Whitaker,The Last King of Scotland,15-Jul-61
0000113,Sandra Bullock,The Proposal,26-Jul-64
0000039,Deborah Kerr,The King and I,30-Sep-21
0001536,Toshirô Mifune,Yôjinbô,1-Apr-20
0000163,Dustin Hoffman,Tootsie,8-Aug-37
0482320,Mohanlal,Dasharatham,21-May-60
0000668,Emma Thompson,Sense and Sensibility,15-Apr-59
0000129,Tom Cruise,Top Gun,3-Jul-62
0000201,Michelle Pfeiffer,The Fabulous Baker Boys,29-Apr-58
0001159,Faye Dunaway,Network,14-Jan-41
0000168,Samuel L. Jackson,Pulp Fiction,21-Dec-48
0000564,Peter O'Toole,Lawrence of Arabia,2-Aug-32
0005132,Heath Ledger,Brokeback Mountain,4-Apr-79
0004851,Penélope Cruz,Vicky Cristina Barcelona,28-Apr-74
0000173,Nicole Kidman,Moulin Rouge!,20-Jun-67
1569276,Chadwick Boseman,Black Panther,29-Nov-76
0000104,Antonio Banderas,The Mask of Zorro,10-Aug-60
0000244,Sigourney Weaver,Alien,8-Oct-49
0000161,Salma Hayek,Frida,2-Sep-66
0000332,Don Cheadle,Crash,29-Nov-64
0000531,Frances McDormand,"Three Billboards Outside Ebbing, Missouri",23-Jun-57
0000870,Kathy Bates,Misery,28-Jun-48
0001725,Omar Sharif,Lawrence of Arabia,10-Apr-32
0010736,Amy Adams,Arrival,20-Aug-74
0001618,Joaquin Phoenix,Walk the Line,28-Oct-74
0000313,Jeff Bridges,The Big Lebowski,4-Dec-49
0001426,Ben Kingsley,Gandhi,31-Dec-43
0000169,Tommy Lee Jones,The Homesman,15-Sep-46
0000602,Robert Redford,The Natural,18-Aug-36
0000493,Jack Lemmon,The Apartment,8-Feb-25
0001626,Christopher Plummer,Beginners,13-Dec-29
0001715,George C. Scott,Patton,18-Oct-27
0000245,Robin Williams,Mrs. Doubtfire,21-Jul-51
0000686,Christopher Walken,The Deer Hunter,31-Mar-43
0000450,Philip Seymour Hoffman,The Master,23-Jul-67
0000123,George Clooney,Michael Clayton,6-May-61
0000432,Gene Hackman,The French Connection,30-Jan-30
0000246,Bruce Willis,Die Hard,19-Mar-55
0000125,Sean Connery,The Rock,25-Aug-30
0005212,Ian McKellen,The Lord of the Rings: The Fellowship of the Ring,25-May-39
0000128,Russell Crowe,Les Misérables,7-Apr-64
0000195,Bill Murray,Lost in Translation,21-Sep-50
0000115,Nicolas Cage,Face/Off,7-Jan-64
0000582,Joe Pesci,Goodfellas,9-Feb-43
0000093,Brad Pitt,Fight Club,18-Dec-63
0000126,Kevin Costner,The Postman,18-Jan-55
0000661,Donald Sutherland,The Hunger Games: Catching Fire,17-Jul-35
0000142,Clint Eastwood,Gran Torino,31-May-30
0000140,Michael Douglas,Behind the Candelabra,25-Sep-44
0000375,Robert Downey Jr.,Iron Man,4-Apr-65
0001257,Ava Gardner,The Night of the Iguana,24-Dec-22
0000398,Sally Field,Forrest Gump,6-Nov-46
0000013,Doris Day,Love Me or Leave Me,3-Apr-22
0000511,Shirley MacLaine,Terms of Endearment,24-Apr-34
0000456,Holly Hunter,Broadcast News,20-Mar-58
0005476,Hilary Swank,Million Dollar Baby,30-Jul-74
0001055,Claudette Colbert,It Happened One Night,13-Sep-03
0000178,Diane Lane,Unfaithful,22-Jan-65
0001448,Jessica Lange,Tootsie,20-Apr-49
0841797,Gloria Swanson,Sunset Blvd.,"March 27, 1899"
0000002,Lauren Bacall,To Have and Have Not,16-Sep-24
0005154,Lucy Liu,Kill Bill: Vol. 1,2-Dec-68
0790454,Norma Shearer,The Divorcee,10-Aug-02
0000541,Bette Midler,Beaches,1-Dec-45
0001546,Mary Tyler Moore,Ordinary People,29-Dec-36
0536167,Anna Magnani,Roma città aperta,7-Mar-08
0001132,Judi Dench,Skyfall,9-Dec-34
0000232,Sharon Stone,Basic Instinct,10-Mar-58
0000107,Kim Basinger,L.A. Confidential,8-Dec-53
0413559,Glenda Jackson,Women in Love,9-May-36
0001656,Donna Reed,It's a Wonderful Life,27-Jan-21
0000193,Demi Moore,G.I. Jane,11-Nov-62
0004266,Anne Hathaway,Les Misérables,12-Nov-82
0591485,Liza Minnelli,Cabaret,12-Mar-46
0000133,Geena Davis,Thelma & Louise,21-Jan-56
0000634,Peter Sellers,Being There,8-Sep-25
0000095,Woody Allen,Manhattan,30-Nov-35
0000154,Mel Gibson,Braveheart,3-Jan-56
0000120,Jim Carrey,Ace Ventura: Pet Detective,17-Jan-62
0000242,Mark Wahlberg,The Fighter,5-Jun-71
0000188,Steve Martin,Roxanne,14-Aug-45
0000849,Javier Bardem,Skyfall,1-Mar-69
0910607,Christoph Waltz,Django Unchained,4-Oct-56
0000209,Tim Robbins,Mystic River,16-Oct-58
0000216,Arnold Schwarzenegger,Terminator 2: Judgment Day,30-Jul-47
0000230,Sylvester Stallone,Rocky,6-Jul-46
0001557,Viggo Mortensen,The Lord of the Rings: The Return of the King,20-Oct-58
0000489,Christopher Lee,Star Wars: Episode II - Attack of the Clones,27-May-22
0001691,Geoffrey Rush,The King's Speech,6-Jul-51
0000027,Alec Guinness,Star Wars,2-Apr-14
0000009,Richard Burton,Who's Afraid of Virginia Woolf?,10-Nov-25
0000285,Alec Baldwin,The Departed,3-Apr-58
0001001,James Caan,Thief,26-Mar-40
0252230,Chiwetel Ejiofor,12 Years a Slave,10-Jul-77
0586568,Mads Mikkelsen,Hannibal,22-Nov-65
0001774,Ben Stiller,Tropic Thunder,30-Nov-65
0000353,Willem Dafoe,Spider-Man,22-Jul-55
0000438,Ed Harris,Appaloosa,28-Nov-50
0000172,Harvey Keitel,Reservoir Dogs,13-May-39
0000685,Jon Voight,Midnight Cowboy,29-Dec-38
0000106,Drew Barrymore,Charlie's Angels,22-Feb-75
0000213,Winona Ryder,Little Women,29-Oct-71
0000678,Kathleen Turner,Romancing the Stone,19-Jun-54
0000235,Uma Thurman,Kill Bill: Vol. 1,29-Apr-70
0000623,Rene Russo,Nightcrawler,17-Feb-54
0000155,Whoopi Goldberg,Ghost,13-Nov-55
0000906,Annette Bening,American Beauty,29-May-58
0001749,Maggie Smith,Gosford Park,28-Dec-34
0000659,Barbra Streisand,Yentl,24-Apr-42
2225369,Jennifer Lawrence,The Hunger Games,15-Aug-90
0940946,Joanne Woodward,"Rachel, Rachel",27-Feb-30
0564790,Mercedes McCambridge,Giant,16-Mar-16
0001378,Anjelica Huston,The Grifters,8-Jul-51
0001848,Dianne Wiest,The Birdcage,28-Mar-46
0000443,Goldie Hawn,Private Benjamin,21-Nov-45
0001012,Claudia Cardinale,C'era una volta il West,15-Apr-38
0000569,Gwyneth Paltrow,Shakespeare in Love,27-Sep-72
0000234,Charlize Theron,Monster,7-Aug-75
0000700,Debra Winger,Terms of Endearment,16-May-55
0182839,Marion Cotillard,La Môme,30-Sep-75
0000207,Christina Ricci,Casper,12-Feb-80
0000300,Juliette Binoche,The English Patient,9-Mar-64
0000435,Daryl Hannah,Kill Bill: Vol. 2,3-Dec-60
0095804,Shirley Booth,"Come Back, Little Sheba","August 30, 1898"
0000702,Reese Witherspoon,Wild,22-Mar-76
0001125,Benicio Del Toro,Sicario,19-Feb-67
0000102,Kevin Bacon,Footloose,8-Jul-58
0000664,Patrick Swayze,Dirty Dancing,18-Aug-52
0000323,Michael Caine,The Dark Knight,14-Mar-33
0000380,Robert Duvall,The Apostle,5-Jan-31
0000044,Burt Lancaster,From Here to Eternity,2-Nov-13
0000053,Robert Mitchum,Out of the Past,6-Aug-17
0268199,Colin Farrell,The Lobster,31-May-76
0000034,William Holden,Stalag 17,17-Apr-18
0000064,Edward G. Robinson,Double Indemnity,"December 12, 1893"
0001635,William Powell,The Thin Man,"July 29, 1892"
0001467,Jared Leto,Dallas Buyers Club,26-Dec-71
0001224,Errol Flynn,The Adventures of Robin Hood,20-Jun-09
0000050,Groucho Marx,A Night at the Opera,"October 2, 1890"
0000051,James Mason,Lolita,15-May-09
0000036,Buster Keaton,The General,"October 4, 1895"
0000080,Orson Welles,Citizen Kane,6-May-15
0000001,Fred Astaire,The Towering Inferno,"May 10, 1899"
0177896,Bradley Cooper,A Star Is Born,5-Jan-75
0000198,Gary Oldman,The Dark Knight,21-Mar-58
0000179,Jude Law,The Talented Mr. Ripley,29-Dec-72
0316079,Paul Giamatti,Sideways,6-Jun-67
0000553,Liam Neeson,Kinsey,7-Jun-52
0000354,Matt Damon,Good Will Hunting,8-Oct-70
1055413,Michael Fassbender,Shame,2-Apr-77
0000993,Carol Burnett,The Carol Burnett Show,26-Apr-33
0001788,Jessica Tandy,Driving Miss Daisy,7-Jun-09
0000166,Helen Hunt,As Good as It Gets,15-Jun-63
0000099,Patricia Arquette,True Romance,8-Apr-68
0000544,Carmen Miranda,Greenwich Village,9-Feb-09
0005028,Kate Hudson,Almost Famous,19-Apr-79
0001876,Catherine Zeta-Jones,Chicago,25-Sep-69
0000139,Cameron Diaz,Vanilla Sky,30-Aug-72
0001666,Debbie Reynolds,Singin' in the Rain,1-Apr-32
0000995,Ellen Burstyn,Requiem for a Dream,7-Dec-32
0000058,Maureen O'Hara,The Quiet Man,17-Aug-20
0001485,Myrna Loy,The Thin Man,2-Aug-05
0372176,Lena Headey,300,3-Oct-73
0001057,Toni Collette,About a Boy,1-Nov-72
0001473,Laura Linney,The Big C,5-Feb-64
0000017,Marlene Dietrich,Witness for the Prosecution,27-Dec-01
0001479,Carole Lombard,My Man Godfrey,6-Oct-08
0000795,Jean Arthur,You Can't Take It with You,17-Oct-00
0001318,Jean Harlow,China Seas,3-Mar-11
0001677,Ginger Rogers,Kitty Foyle,16-Jul-11
0681933,Mary Pickford,Coquette,"April 8, 1892"
0922213,Mae West,She Done Him Wrong,"August 17, 1893"
0000096,Gillian Anderson,The X Files,9-Aug-68
0914612,Emma Watson,The Perks of Being a Wallflower,15-Apr-90
0000212,Meg Ryan,When Harry Met Sally...,19-Nov-61
0000273,Alan Arkin,Argo,26-Mar-34
0000621,Kurt Russell,Escape from New York,17-Mar-51
0350453,Jake Gyllenhaal,Nightcrawler,19-Dec-80
0331516,Ryan Gosling,Blue Valentine,12-Nov-80
0000147,Colin Firth,A Single Man,10-Sep-60
0004937,Jamie Foxx,Ray,13-Dec-67
0004778,Adrien Brody,The Pianist,14-Apr-73
0000905,Roberto Benigni,La vita è bella,27-Oct-52
0000460,Jeremy Irons,Dead Ringers,19-Sep-48
0000719,F. Murray Abraham,The Grand Budapest Hotel,24-Oct-39
0000377,Richard Dreyfuss,The Goodbye Girl,29-Oct-47
0002075,Peter Finch,Network,28-Sep-16
0138770,Art Carney,Harry and Tonto,4-Nov-18
0731772,Cliff Robertson,Spider-Man,9-Sep-23
0001511,Lee Marvin,Paint Your Wagon,19-Feb-24
0001322,Rex Harrison,My Fair Lady,5-Mar-08
0000063,Anthony Quinn,Alexis Zorbas,21-Apr-15
0001703,Maximilian Schell,Judgment at Nuremberg,8-Dec-30
0362766,Tom Hardy,Inception,15-Sep-77
0000057,David Niven,Murder by Death,1-Mar-10
0000458,William Hurt,A History of Violence,20-Mar-50
0000989,Yul Brynner,The King and I,11-Jul-20
0000308,Ernest Borgnine,Marty,24-Jan-17
1212722,Benedict Cumberbatch,The Imitation Game,19-Jul-76
0001768,Rod Steiger,In the Heat of the Night,14-Apr-25
1631269,Chloë Grace Moretz,Kick-Ass,10-Feb-97
0447695,Anna Kendrick,Up in the Air,9-Aug-85
0001833,Emily Watson,Gosford Park,14-Jan-67
0000307,Helena Bonham Carter,Sweeney Todd: The Demon Barber of Fleet Street,26-May-66
0461136,Keira Knightley,Pirates of the Caribbean: The Curse of the Black Pearl,26-Mar-85
0005490,Alexis Thorpe,The Man from Earth,19-Apr-80
0203836,Marion Davies,The Patsy,"January 3, 1897"
0424060,Scarlett Johansson,Lost in Translation,22-Nov-84
0266824,Dakota Fanning,War of the Worlds,23-Feb-94
0000098,Jennifer Aniston,Friends,11-Feb-69
0000124,Jennifer Connelly,A Beautiful Mind,12-Dec-70
1046097,Rachel McAdams,The Notebook,17-Nov-78
1659547,Carey Mulligan,Never Let Me Go,28-May-85
0005109,Mila Kunis,Black Swan,14-Aug-83
1086543,Amanda Seyfried,Les Misérables,3-Dec-85
0000182,Jennifer Lopez,Hustlers,24-Jul-69
0000117,Neve Campbell,Scream,3-Oct-73
0000103,Fairuza Balk,The Craft,21-May-74
0004695,Jessica Alba,Fantastic Four,28-Apr-81
0829576,Kristen Stewart,Snow White and the Huntsman,9-Apr-90
0910278,Julie Walters,Billy Elliot,22-Feb-50
1913734,Rooney Mara,The Girl with the Dragon Tattoo,17-Apr-85
0000130,Jamie Lee Curtis,True Lies,22-Nov-58
1297015,Emma Stone,La La Land,6-Nov-88
0000379,Kirsten Dunst,Spider-Man,30-Apr-82
0001207,José Ferrer,The Caine Mutiny,8-Jan-12
0002024,Broderick Crawford,All the King's Men,9-Dec-11
0172903,Ronald Colman,Bulldog Drummond,"February 9, 1891"
0545298,Fredric March,The Best Years of Our Lives,"August 31, 1897"
0001537,Ray Milland,The Lost Weekend,3-Jan-07
0001078,Bing Crosby,White Christmas,2-May-03
0510134,Paul Lukas,Watch on the Rhine,"May 26, 1895"
0232196,Robert Donat,The 39 Steps,18-Mar-05
0612847,Paul Muni,Scarface,"September 22, 1895"
0572142,Victor McLaglen,The Quiet Man,"December 10, 1886"
0001452,Charles Laughton,Witness for the Prosecution,"July 1, 1899"
0000891,Wallace Beery,A Date with Judy,"April 1, 1885"
0000859,Lionel Barrymore,You Can't Take It with You,"April 28, 1878"
0000156,Jeff Goldblum,Jurassic Park,22-Oct-52
1165110,Chris Hemsworth,Snow White and the Huntsman,11-Aug-83
0062828,Warner Baxter,Penthouse,"March 29, 1889"
0417837,Emil Jannings,Faust: Eine deutsche Volkssage,"July 23, 1884"
0177933,Chris Cooper,Adaptation.,9-Jul-51
0000980,Jim Broadbent,Moulin Rouge!,24-May-49
0000336,James Coburn,The Great Escape,31-Aug-28
0000421,Cuba Gooding Jr.,Jerry Maguire,2-Jan-68
0001445,Martin Landau,Ed Wood,20-Jun-28
0001588,Jack Palance,City Slickers,18-Feb-19
0000177,Kevin Kline,Wild Wild West,24-Oct-47
0000747,Don Ameche,Cocoon,31-May-08
0000295,Kate Beckinsale,Underworld: Evolution,26-Jul-73
0221046,Zooey Deschanel,New Girl,17-Jan-80
0931329,Michelle Williams,Blue Valentine,9-Sep-80
0000170,Milla Jovovich,Le cinquième élément,17-Dec-75
1411125,Selena Gomez,Spring Breakers,22-Jul-92
0001838,Rachel Weisz,The Constant Gardener,7-Mar-70
0068338,Kristen Bell,Frozen,18-Jul-80
0001337,Katherine Heigl,One for the Money,24-Nov-78
0000239,Liv Tyler,Armageddon,1-Jul-77
1567113,Jessica Chastain,Zero Dark Thirty,24-Mar-77
1083271,Megan Fox,Transformers,16-May-86
0924508,Betty White,The Proposal,17-Jan-22
0656183,Geraldine Page,Sweet Bird of Youth,22-Nov-24
0244630,Eliza Dushku,Bring It On,30-Dec-80
0000705,Robin Wright,Forrest Gump,8-Apr-66
1015262,Leighton Meester,The Roommate,9-Apr-86
0428354,Jennifer Jones,The Towering Inferno,2-Mar-19
0000073,Shirley Temple,The Little Colonel,23-Apr-28
0000506,Julia Louis-Dreyfus,Seinfeld,13-Jan-61
1880888,Olivia Thirlby,Juno,6-Oct-86
0000333,Cher,Moonstruck,20-May-46
0000651,Sissy Spacek,In the Bedroom,25-Dec-49
0001221,Louise Fletcher,One Flew Over the Cuckoo's Nest,22-Jul-34
0001046,Julie Christie,Don't Look Now,14-Apr-40
0623658,Patricia Neal,The Day the Earth Stood Still,20-Jan-26
0628955,Haing S. Ngor,The Killing Fields,22-Mar-40
0001283,Louis Gossett Jr.,An Officer and a Gentleman,27-May-36
0000024,John Gielgud,Arthur,14-Apr-04
0000459,Timothy Hutton,Ordinary People,16-Aug-60
0002048,Melvyn Douglas,Being There,5-Apr-01
0001673,Jason Robards,All the President's Men,26-Jul-22
0122675,George Burns,"Oh, God!","January 20, 1896"
0000288,Christian Bale,The Dark Knight,30-Jan-74
0000160,Ethan Hawke,Training Day,6-Nov-70
0424565,Ben Johnson,The Last Picture Show,13-Jun-18
0590055,John Mills,Great Expectations,22-Feb-08
0016776,Jack Albertson,Willy Wonka & the Chocolate Factory,16-Jun-07
0000576,Sean Penn,Mystic River,17-Aug-60
0001421,George Kennedy,Cool Hand Luke,18-Feb-25
0000527,Walter Matthau,The Odd Couple,1-Oct-20
0000842,Martin Balsam,All the President's Men,4-Nov-19
0001811,Peter Ustinov,Spartacus,16-Apr-21
0003225,Ed Begley,12 Angry Men,25-Mar-01
0001995,George Chakiris,West Side Story,16-Sep-32
0341518,Hugh Griffith,Ben-Hur,30-May-12
0412322,Burl Ives,The Big Country,14-Jun-09
0000999,Red Buttons,Pete's Dragon,5-Feb-19
0639529,Edmond O'Brien,The Man Who Shot Liberty Valance,10-Sep-15
0695435,Chris Pratt,Guardians of the Galaxy,21-Jun-79
0000069,Frank Sinatra,From Here to Eternity,12-Dec-15
0000843,Anne Bancroft,The Graduate,17-Sep-31
0001571,Kim Novak,Vertigo,13-Feb-33
0797531,Simone Signoret,Les diaboliques,25-Mar-21
0680983,Elliot Page,Juno,21-Feb-87
0001450,Angela Lansbury,The Manchurian Candidate,16-Oct-25
0391062,Judy Holliday,Born Yesterday,21-Jun-21
0949835,Loretta Young,The Stranger,6-Jan-13
0429250,Shirley Jones,The Music Man,31-Mar-34
0267812,Vera Farmiga,Up in the Air,6-Aug-73
0371040,Helen Hayes,Airport,10-Oct-00
0237597,Marie Dressler,Dinner at Eight,"November 9, 1868"
0310980,Janet Gaynor,A Star Is Born,6-Oct-06
2143282,Lupita Nyong'o,12 Years a Slave,1-Mar-83
0818055,Octavia Spencer,Hidden Figures,25-May-70
0502425,Melissa Leo,The Fighter,14-Sep-60
0594898,Mo'Nique,Precious,11-Dec-67
0559144,Marlee Matlin,CODA,24-Aug-65
0842770,Tilda Swinton,We Need to Talk About Kevin,5-Nov-60
1617685,Jennifer Hudson,Dreamgirls,12-Sep-81
0000250,Renée Zellweger,Chicago,25-Apr-69
0001315,Marcia Gay Harden,Mystic River,14-Aug-59
0001593,Anna Paquin,The Piano,24-Jul-82
0000673,Marisa Tomei,My Cousin Vinny,4-Dec-64
0001689,Mercedes Ruehl,The Fisher King,28-Feb-48
0002084,Brenda Fricker,My Left Foot: The Story of Christy Brown,17-Feb-45
0000606,Jean Reno,Léon,30-Jul-48
0001695,George Sanders,All About Eve,3-Jul-06
0415591,Dean Jagger,White Christmas,7-Nov-03
0404158,Walter Huston,The Treasure of the Sierra Madre,"April 6, 1884"
0350324,Edmund Gwenn,Miracle on 34th Street,"September 26, 1877"
0751174,Harold Russell,The Best Years of Our Lives,14-Jan-14
0000424,Hugh Grant,Love Actually,9-Sep-60
0280178,Barry Fitzgerald,The Quiet Man,"March 10, 1888"
0002013,Charles Coburn,The More the Merrier,"June 19, 1877"
0001336,Van Heflin,Shane,13-Dec-08
0187981,Donald Crisp,How Green Was My Valley,"July 27, 1882"
0593775,Thomas Mitchell,Stagecoach,"July 11, 1892"
0000974,Walter Brennan,The Westerner,"July 25, 1894"
0771584,Joseph Schildkraut,The Shop Around the Corner,"March 22, 1896"
0000206,Keanu Reeves,The Matrix,2-Sep-64
1475594,Channing Tatum,21 Jump Street,26-Apr-80
0413168,Hugh Jackman,Les Misérables,12-Oct-68
0425005,Dwayne Johnson,Black Adam,2-May-72
0001191,Adam Sandler,The Waterboy,9-Sep-66
0705356,Daniel Radcliffe,Harry Potter and the Order of the Phoenix,23-Jul-89
0185819,Daniel Craig,No Time to Die,2-Mar-68
0147147,Henry Cavill,Man of Steel,5-May-83
0004874,Vin Diesel,Guardians of the Galaxy,18-Jul-67
0000255,Ben Affleck,Argo,15-Aug-72
1517976,Chris Pine,Star Trek,26-Aug-80
0001156,Olympia Dukakis,Moonstruck,20-Jun-31
0001919,Peggy Ashcroft,A Passage to India,22-Dec-07
0001373,Linda Hunt,The Year of Living Dangerously,2-Apr-45
0822972,Maureen Stapleton,Reds,21-Jun-25
0005460,Mary Steenburgen,Last Vegas,8-Feb-53
0833152,Beatrice Straight,Network,2-Aug-14
0000603,Vanessa Redgrave,Atonement,30-Jan-37
0335519,Lee Grant,In the Heat of the Night,31-Oct-25
0373012,Eileen Heckart,The Bad Seed,29-Mar-19
0001458,Cloris Leachman,The Last Picture Show,30-Apr-26
0002106,Ruth Gordon,Rosemary's Baby,"October 30, 1896"
0663820,Estelle Parsons,Bonnie and Clyde,20-Nov-27
0006800,Sandy Dennis,Who's Afraid of Virginia Woolf?,27-Apr-37
0001859,Shelley Winters,The Poseidon Adventure,18-Aug-20
0350454,Maggie Gyllenhaal,Secretary,16-Nov-77
0005017,Katie Holmes,Batman Begins,18-Dec-78
0001157,Patty Duke,Valley of the Dolls,14-Dec-46
0001549,Rita Moreno,West Side Story,11-Dec-31
0384908,Wendy Hiller,A Man for All Seasons,15-Aug-12
0880855,Miyoshi Umeki,Sayonara,8-May-29
0540416,Dorothy Malone,Written on the Wind,29-Jan-24
0886888,Jo Van Fleet,East of Eden,29-Dec-15
0001693,Eva Marie Saint,On the Waterfront,4-Jul-24
0002108,Gloria Grahame,In a Lonely Place,28-Nov-23
0001375,Kim Hunter,A Streetcar Named Desire,12-Nov-22
0002011,Lee J. Cobb,12 Angry Men,8-Dec-11
1940449,Andrew Garfield,Hacksaw Ridge,20-Aug-83
0001030,John Cazale,Dog Day Afternoon,12-Aug-35
0719637,Jeremy Renner,The Hurt Locker,7-Jan-71
0136797,Steve Carell,The Office,16-Aug-62
0241121,Jean Dujardin,The Artist,19-Jun-72
0262635,Chris Evans,The Avengers,13-Jun-81
0290556,James Franco,Spring Breakers,19-Apr-78
0302108,Zach Galifianakis,The Hangover,1-Oct-69
0002071,Will Ferrell,Talladega Nights: The Ballad of Ricky Bobby,16-Jul-67
0479471,Shia LaBeouf,Honey Boy,11-Jun
0736622,Seth Rogen,This Is the End,15-Apr-82
0330687,Joseph Gordon-Levitt,Inception,17-Feb-81
0005351,Ryan Reynolds,Deadpool 2,23-Oct-76
0748620,Paul Rudd,Ant-Man,6-Apr-69
0781981,Jason Segel,Forgetting Sarah Marshall,18-Jan-80
0005458,Jason Statham,Crank,26-Jul-67
0001813,Dick Van Dyke,Mary Poppins,13-Dec-25
0251986,Jesse Eisenberg,The Social Network,5-Oct-83
0005562,Owen Wilson,The Royal Tenenbaums,18-Nov-68
0000867,Jason Bateman,Arrested Development,14-Jan-69
1347153,Tyler Perry,Diary of a Mad Black Woman,14-Sep-69
2955013,Liam Hemsworth,The Hunger Games,13-Jan-90
0000638,William Shatner,Star Trek V: The Final Frontier,22-Mar-31
0000698,Gene Wilder,Willy Wonka & the Chocolate Factory,11-Jun-33
0000301,Thora Birch,Ghost World,11-Mar-82
0872456,Claire Trevor,Key Largo,8-Mar-10
0002141,Celeste Holm,All About Eve,29-Apr-17
0000879,Anne Baxter,All About Eve,7-May-23
0001451,Queen Latifah,Chicago,18-Mar-70
0000856,Ethel Barrymore,The Spiral Staircase,"August 15, 1879"
0206257,Rosario Dawson,Rent,9-May-79
0942863,Teresa Wright,Shadow of a Doubt,27-Oct-18
0000802,Mary Astor,The Maltese Falcon,3-May-06
0002034,Jane Darwell,The Grapes of Wrath,"October 15, 1879"
2539953,Alicia Vikander,Ex Machina,3-Oct-88
1985859,Mia Wasikowska,Alice in Wonderland,25-Oct-89
1113550,Abigail Breslin,Little Miss Sunshine,14-Apr-96
0814216,Gale Sondergaard,The Mark of Zorro,"February 15, 1899"
0565250,Melissa McCarthy,The Heat,26-Aug-70
0275486,Tina Fey,Date Night,18-May-70
0757855,Zoe Saldana,Avatar,19-Jun-78
0005253,Elisabeth Moss,The Invisible Man,24-Jul-82
1597316,Adrianne Palicki,G.I. Joe: Retaliation,6-May-83
0004950,Jennifer Garner,Alias,17-Apr-72
1325419,Kristen Wiig,Bridesmaids,22-Aug-73
0820053,June Squibb,Nebraska,6-Nov-29
1020089,Sally Hawkins,The Shape of Water,27-Apr-76
0192505,Kaley Cuoco,The Big Bang Theory,30-Nov-85
0915208,Naomi Watts,Mulholland Dr.,28-Sep-68
1500155,Robert Pattinson,Twilight,13-May-86
0402271,Charlie Hunnam,Sons of Anarchy,10-Apr-80
0396558,Nicholas Hoult,Mad Max: Fury Road,7-Dec-89
1093951,Aaron Taylor-Johnson,Nocturnal Animals,13-Jun-90
0186505,Bryan Cranston,Breaking Bad,7-Mar-56
0124930,Gerard Butler,300,13-Nov-69
0908094,Paul Walker,The Fast and the Furious,12-Sep-73
0881631,Karl Urban,Star Trek,7-Jun-72
0503567,Logan Lerman,The Perks of Being a Wallflower,19-Jan-92
2002649,Dave Franco,Neighbors,12-Jun-85
1089991,Tom Hiddleston,The Avengers,9-Feb-81
0227759,Peter Dinklage,Game of Thrones,11-Jun-69
2018237,Taylor Kitsch,X-Men Origins: Wolverine,8-Apr-81
0001570,Edward Norton,Fight Club,18-Aug-69
0001602,Guy Pearce,Memento,5-Oct-67
0749263,Mark Ruffalo,Spotlight,22-Nov-67
0000620,Mickey Rourke,Sin City,16-Sep-52
0001449,Frank Langella,Frost/Nixon,1-Jan-38
1519666,Eddie Redmayne,Les Misérables,6-Jan-82
0000657,David Strathairn,"Good Night, and Good Luck.",26-Jan-49
0005024,Terrence Howard,Crash,11-Mar-69
0000146,Ralph Fiennes,The Constant Gardener,22-Dec-62
0929489,Tom Wilkinson,Michael Clayton,5-Feb-48
0002070,Richard Farnsworth,The Straight Story,1-Sep-20
0000560,Nick Nolte,Warrior,8-Feb-41
1455681,AnnaSophia Robb,Rebel Ridge,8-Dec-93
2605345,Gemma Arterton,Prince of Persia: The Sands of Time,2-Feb-86
1312575,Olivia Wilde,Don't Worry Darling,10-Mar-84
0279545,Isla Fisher,Wedding Crashers,3-Feb-76
0940362,Shailene Woodley,Divergent,15-Nov-91
2313103,Rebel Wilson,Senior Year,2-Mar
0731075,Emma Roberts,We're the Millers,10-Feb-91
1720028,Amber Heard,Aquaman,22-Apr-86
1954240,Teresa Palmer,Warm Bodies,26-Feb-86
1519680,Saoirse Ronan,Hanna,12-Apr-94
0006969,Elizabeth Banks,The Hunger Games,10-Feb-74
0526946,Ida Lupino,High Sierra,4-Feb-18
1754059,Natalie Dormer,Game of Thrones,11-Feb-82
0811242,Brittany Snow,Pitch Perfect,9-Mar-86
0544718,Kate Mara,Fantastic Four,27-Feb-83
2584600,Julianne Hough,Rock of Ages,20-Jul-88
2934314,Lily Collins,The Mortal Instruments: City of Bones,18-Mar-89
1130627,Cobie Smulders,The Avengers,3-Apr-82
1404408,Alice Eve,Before We Go,6-Feb-82
1512166,Jamie Chung,Big Hero 6,10-Apr-83
0636426,Noomi Rapace,Män som hatar kvinnor,28-Dec-79
0515116,Blake Lively,Gossip Girl,25-Aug-87
1192254,Maggie Grace,Taken,21-Sep-83
0004754,Jessica Biel,The Illusionist,3-Mar-82
1200692,Eva Green,Casino Royale,6-Jul-80
0001228,Peter Fonda,Easy Rider,23-Feb-40
0000437,Woody Harrelson,True Detective,23-Jul-61
0000671,Billy Bob Thornton,Sling Blade,4-Aug-55
0252961,Idris Elba,Beasts of No Nation,6-Sep-72
0001329,Nigel Hawthorne,The Madness of King George,5-Apr-29
0000401,Laurence Fishburne,The Matrix,30-Jul-61
0001653,Stephen Rea,The Crying Game,31-Oct-46
0000886,Warren Beatty,Reds,30-Mar-37
0001321,Richard Harris,Unforgiven,1-Oct-30
0000131,John Cusack,Grosse Pointe Blank,28-Jun-66
0000110,Kenneth Branagh,Henry V,10-Dec-60
0001579,Edward James Olmos,Battlestar Galactica,24-Feb-47
0001884,Max von Sydow,Flash Gordon,10-Apr-29
0001136,Bruce Dern,Nebraska,4-Jun-36
0001364,Bob Hoskins,The Long Good Friday,26-Oct-42
0000249,James Woods,Vampires,18-Apr-47
0370035,John Hawkes,The Sessions,11-Sep-59
0001258,James Garner,The Notebook,7-Apr-28
0001832,Sam Waterston,The Killing Fields,15-Nov-40
0001371,Tom Hulce,Amadeus,6-Dec-53
0001215,Albert Finney,Murder on the Orient Express,9-May-36
0002018,Tom Conti,Oppenheimer,22-Nov-41
0183822,Tom Courtenay,45 Years,25-Feb-37
0001545,Dudley Moore,Arthur,19-Apr-35
0000457,John Hurt,Nineteen Eighty-Four,22-Jan-40
0993507,Kat Dennings,Nick and Norah's Infinite Playlist,13-Jun-86
1231899,Priyanka Chopra Jonas,Barfi!,18-Jul-82
0728938,Emmanuelle Riva,Hiroshima mon amour,24-Feb-27
1950086,Greta Gerwig,Barbie,4-Aug-83
0488953,Brie Larson,Room,1-Oct-89
1140300,Jessica Lucas,The Covenant,24-Sep-85
0266029,Maria Falconetti,La passion de Jeanne d'Arc,"July 21, 1892"
0002093,Greer Garson,Pride and Prejudice,29-Sep-04
0751426,Rosalind Russell,Auntie Mame,4-Jun-07
0000079,Raquel Welch,The Three Musketeers,5-Sep-40
0000400,Linda Fiorentino,The Last Seduction,9-Mar-58
2829737,Gabourey Sidibe,Precious,6-May-83
0001114,Judy Davis,Husbands and Wives,23-Apr-55
0001201,Mia Farrow,Rosemary's Baby,9-Feb-45
0851582,Audrey Tautou,Le fabuleux destin d'Amélie Poulain,9-Aug-76
0603402,Jeanne Moreau,Jules et Jim,23-Jan-28
0943837,Jane Wyman,Falcon Crest,5-Jan-17
0001687,Gena Rowlands,The Notebook,19-Jun-30
0544334,Lesley Manville,Another Year,12-Mar-56
0647634,Elizabeth Olsen,Martha Marcy May Marlene,16-Feb-89
0000176,Nastassja Kinski,Tess,24-Jan-61
0491259,Mélanie Laurent,Inglourious Basterds,21-Feb-83
0001365,Whitney Houston,The Bodyguard,9-Aug-63
0005031,Felicity Huffman,Transamerica,9-Dec-62
0001767,Imelda Staunton,Vera Drake,9-Jan-56
1209966,Oscar Isaac,Ex Machina,9-Mar-79
1417647,Jon Heder,Napoleon Dynamite,26-Oct-77
1886602,Miles Teller,Whiplash,20-Feb-87
0117709,Daniel Brühl,Rush,16-Jun-78
0001254,James Gandolfini,The Sopranos,18-Sep-61
0430107,Michael B. Jordan,Black Panther,9-Feb-87
0000578,Anthony Perkins,Psycho,4-Apr-32
0000667,David Thewlis,Naked,20-Mar-63
0001428,Klaus Kinski,Nosferatu - Phantom der Nacht,18-Oct-26
0000532,Malcolm McDowell,A Clockwork Orange,13-Jun-43
0935653,Ray Winstone,The Departed,19-Feb-57
0000901,Jean-Paul Belmondo,Pierrot le fou,9-Apr-33
0785227,Andy Serkis,War for the Planet of the Apes,20-Apr-64
0000111,Matthew Broderick,The Producers,21-Mar-62
0000454,Dennis Hopper,Easy Rider,17-May-36
0740264,Michael Rooker,Guardians of the Galaxy,6-Apr-55
0001252,Vincent Gallo,Buffalo '66,11-Apr-61
0000228,Kevin Spacey,L.A. Confidential,26-Jul-59
0001993,Vincent Cassel,L'ennemi public n°1,23-Nov-66
0799777,J.K. Simmons,Whiplash,9-Jan-55
0000472,Boris Karloff,The Bride of Frankenstein,"November 23, 1887"
0000048,Peter Lorre,M - Eine Stadt sucht einen Mörder,26-Jun-04
0000190,Matthew McConaughey,Interstellar,4-Nov-69
0175916,Paddy Considine,Dead Man's Shoes,5-Sep-73
0000202,Ryan Phillippe,Crash,10-Sep-74
0913488,Kerry Washington,Scandal,31-Jan-77
0005251,Carrie-Anne Moss,The Matrix,21-Aug-67
0001463,Janet Leigh,Psycho,6-Jul-27
1503432,Catalina Sandino Moreno,Maria Full of Grace,19-Apr-81
0608090,Samantha Morton,Minority Report,13-May-77
1095720,Keisha Castle-Hughes,Whale Rider,24-Mar-90
0001766,Barbara Stanwyck,Double Indemnity,16-Jul-07
0000260,Joan Allen,Room,20-Aug-56
0005216,Janet McTeer,Albert Nobbs,5-Aug-61
0005244,Fernanda Montenegro,Central do Brasil,16-Oct-29
0000218,Kristin Scott Thomas,Gosford Park,24-May-60
0000950,Brenda Blethyn,Pride & Prejudice,20-Feb-46
0000223,Elisabeth Shue,Leaving Las Vegas,6-Oct-63
0001669,Miranda Richardson,The Crying Game,3-Mar-58
0000330,Stockard Channing,Practical Magic,13-Feb-44
0707023,Luise Rainer,The Great Ziegfeld,12-Jan-10
0001521,Mary McDonnell,Battlestar Galactica,28-Apr-52
0000840,Lucille Ball,I Love Lucy,6-Aug-11
0000368,Laura Dern,Jurassic Park,10-Feb-67
0172604,Pauline Collins,Shirley Valentine,3-Sep-40
0000254,Isabelle Adjani,Possession,27-Jun-55
0000429,Melanie Griffith,Working Girl,9-Aug-57
0000476,Sally Kirkland,Anna,31-Oct-41
0000737,Jane Alexander,Kramer vs. Kramer,28-Oct-39
0556850,Marsha Mason,The Goodbye Girl,3-Apr-42
0383603,Freddie Highmore,Finding Neverland,14-Feb-92
0000150,Michael J. Fox,Back to the Future,9-Jun-61
0000237,John Travolta,Pulp Fiction,18-Feb-54
0000334,Chow Yun-Fat,Wo hu cang long,18-May-55
0532235,Seth MacFarlane,Family Guy,26-Oct-73
0001472,Jet Li,The One,26-Apr-63
0002144,John Houseman,The Paper Chase,22-Sep-02
0001569,Chuck Norris,"Walker, Texas Ranger",10-Mar-40
0000241,Jean-Claude Van Damme,Double Impact,18-Oct-60
0005377,Sam Rockwell,Moon,5-Nov-68
0793766,Takashi Shimura,Shichinin no samurai,12-Mar-05
0001290,Richard E. Grant,Gosford Park,5-May-57
0000558,Leslie Nielsen,Airplane!,11-Feb-26
0670408,Simon Pegg,Shaun of the Dead,14-Feb-70
0000518,John Malkovich,Being John Malkovich,9-Dec-53
0788335,Michael Shannon,Take Shelter,7-Aug-74
0000640,Martin Sheen,The Departed,3-Aug-40
0001302,Christopher Guest,This Is Spinal Tap,5-Feb-48
0000614,Alan Rickman,Die Hard,21-Feb-46
0355097,Jackie Earle Haley,Watchmen,14-Jul-61
0949574,Gig Young,"They Shoot Horses, Don't They?",4-Nov-13
0000652,James Spader,The Blacklist,7-Feb-60
0051509,Eric Bana,Dirty John,9-Aug-68
0244151,Romain Duris,De battre mon coeur s'est arrêté,28-May-74
0001727,Robert Shaw,Jaws,9-Aug-27
0915865,Jacki Weaver,Silver Linings Playbook,25-May-47
0067367,Bérénice Bejo,The Artist,7-Jul-76
2794962,Hailee Steinfeld,True Grit,11-Dec-96
0000492,Jennifer Jason Leigh,The Hateful Eight,5-Feb-62
0000599,Kathleen Quinlan,Apollo 13,19-Nov-54
0378245,Taraji P. Henson,The Curious Case of Benjamin Button,11-Sep-70
0752407,Amy Ryan,Gone Baby Gone,3-May-68
0002039,Ruby Dee,American Gangster,27-Oct-22
0001049,Jill Clayburgh,Bridesmaids,30-Apr-44
0056770,Adriana Barraza,Babel,5-Mar-56
0452860,Rinko Kikuchi,Babel,6-Jan-81
0001416,Catherine Keener,Being John Malkovich,26-Mar-59
0001648,Charlotte Rampling,45 Years,5-Feb-46
0645683,Sophie Okonedo,Hotel Rwanda,11-Aug-68
0165101,Patricia Clarkson,The Station Agent,29-Dec-59
0013037,Shohreh Aghdashloo,House of Sand and Fog,11-May-52
0517820,Lindsay Lohan,Mean Girls,2-Jul-86
0005502,Michelle Trachtenberg,Buffy the Vampire Slayer,11-Oct-85
0001721,Chloë Sevigny,We Are Who We Are,18-Nov
0001655,Lynn Redgrave,Gods and Monsters,8-Mar-43
0341737,Rachel Griffiths,Six Feet Under,18-Dec-68
3053338,Margot Robbie,Suicide Squad,2-Jul-90
0000666,Lili Taylor,American Crime,20-Feb-67
0917848,Robin Weigert,Deadwood,7-Jul-69
1128572,Lake Bell,In a World...,24-Mar-79
0001647,Claude Rains,Casablanca,"November 10, 1889"
0000114,Steve Buscemi,Fargo,13-Dec-57
0722636,John Rhys-Davies,The Lord of the Rings: The Return of the King,5-May-44
0004462,Jean-Louis Trintignant,Amour,11-Dec-30
0001072,Joseph Cotten,The Third Man,15-May-05
0001608,Barry Pepper,'Saving Private Ryan': Boot Camp,4-Apr-70
0002233,Erich von Stroheim,Sunset Blvd.,"September 22, 1885"
0933940,Patrick Wilson,The Phantom of the Opera,3-Jul-73
0000502,Christopher Lloyd,Back to the Future,22-Oct-38
0004936,Ben Foster,Hell or High Water,29-Oct-80
0566948,Joel McCrea,Sullivan's Travels,5-Nov-05
0158856,Choi Min-sik,Oldeuboi,22-Jan-62
0000191,Ewan McGregor,Moulin Rouge!,31-Mar-71
0305558,Gael García Bernal,Mozart in the Jungle,30-Nov-78
0004486,Bruno Ganz,Der Untergang,22-Mar-41
0000276,Sean Astin,The Lord of the Rings: The Two Towers,25-Feb-71
0451234,Irrfan Khan,The Lunchbox,7-Jan-67
0355910,Michael C. Hall,Dexter,1-Feb-71
0001702,Roy Scheider,Jaws,10-Nov-32
0000729,Casey Affleck,Manchester by the Sea,12-Aug-75
0000997,Gary Busey,The Buddy Holly Story,29-Jun-44
0005342,Norman Reedus,The Walking Dead,6-Jan-69
0001099,Jeff Daniels,The Squid and the Whale,19-Feb-55
0001804,Stanley Tucci,Big Night,11-Nov-60
0000662,Kiefer Sutherland,24,21-Dec-66
0000706,Michelle Yeoh,Everything Everywhere All at Once,6-Aug-62
2244205,Léa Seydoux,La vie d'Adèle,1-Jul-85
0424848,Dakota Johnson,Fifty Shades of Grey,4-Oct-89
0000365,Julie Delpy,Trois couleurs: Blanc,21-Dec-69
0000157,Linda Hamilton,Terminator 2: Judgment Day,26-Sep-56
0000402,Carrie Fisher,Star Wars,21-Oct-56
0000427,Pam Grier,Jackie Brown,26-May-49
0001951,Björk,Dancer in the Dark,21-Nov-65
0115161,Emily Browning,A Series of Unfortunate Events,7-Dec-88
0000496,Juliette Lewis,Cape Fear,21-Jun-73
0000572,Sarah Jessica Parker,Sex and the City,25-Mar-65
0001453,Piper Laurie,The Hustler,22-Jan-32
1415323,Miley Cyrus,Hannah Montana,23-Nov-92
0005499,Lily Tomlin,Nashville,1-Sep-39
0005412,Jane Seymour,Somewhere in Time,15-Feb-51
0001784,Gloria Stuart,Titanic,4-Jul-10
0001735,Talia Shire,Rocky,25-Apr-46
2933757,Gal Gadot,Wonder Woman,30-Apr-85
0528987,Sue Lyon,Lolita,10-Jul-46
0000556,Olivia Newton-John,Grease,26-Sep-48
0000378,Minnie Driver,Circle of Friends,31-Jan-70
0000414,Teri Garr,Tootsie,11-Dec-47
0005392,Keri Russell,Mission: Impossible III,23-Mar-76
0781029,Jean Seberg,À bout de souffle,13-Nov-38
0001631,Sarah Polley,My Life Without Me,8-Jan-79
0000982,Josh Brolin,No Country for Old Men,12-Feb-68
0001358,Hal Holbrook,Into the Wild,17-Feb-25
0005023,Djimon Hounsou,Blood Diamond,24-Apr-64
0000369,Matt Dillon,There's Something About Mary,18-Feb-64
0000257,Alan Alda,M*A*S*H,28-Jan-36
0002006,Thomas Haden Church,Sideways,17-Jun-60
0654110,Clive Owen,Children of Men,3-Oct-64
0913822,Ken Watanabe,The Last Samurai,21-Oct-59
4139037,Suraj Sharma,Life of Pi,21-Mar-93
0000604,John C. Reilly,Chicago,24-May-65
0003817,Michael Clarke Duncan,The Green Mile,10-Dec-57
0005286,Haley Joel Osment,The Sixth Sense,10-Apr-88
0001427,Greg Kinnear,As Good as It Gets,17-Jun-63
0000608,Burt Reynolds,Boogie Nights,11-Feb-36
0001233,Robert Forster,Jackie Brown,13-Jul-41
0005403,Jason Schwartzman,Rushmore,26-Jun-80
0000513,William H. Macy,Fargo,13-Mar-50
0000090,Armin Mueller-Stahl,Eastern Promises,17-Dec-30
0000619,Tim Roth,Rob Roy,14-May-61
0000342,James Cromwell,L.A. Confidential,27-Jan-40
0001590,Chazz Palminteri,The Usual Suspects,15-May-52
0000641,Gary Sinise,Forrest Gump,17-Mar-55
0006890,Paul Scofield,A Man for All Seasons,21-Jan-22
0000592,Pete Postlethwaite,The Usual Suspects,7-Feb-46
0915989,Hugo Weaving,The Lord of the Rings: The Return of the King,4-Apr-60
0000586,Jada Pinkett Smith,The Matrix Revolutions,18-Sep-71
0001575,Tatum O'Neal,Paper Moon,5-Nov-63
0267506,Anna Faris,The House Bunny,29-Nov-76
0567408,Hattie McDaniel,Gone with the Wind,"June 10, 1893"
0000463,Famke Janssen,X-Men: The Last Stand,5-Nov-64
0683253,Rosamund Pike,Gone Girl,27-Jan-79
0001372,Bonnie Hunt,Jumanji,22-Sep-61
0005182,Leslie Mann,Knocked Up,26-Mar-72
1411676,Mindy Kaling,The Office,24-Jun-79
0628601,Thandiwe Newton,Crash,6-Nov-72
0688132,Amy Poehler,Inside Out,16-Sep-71
0001605,Amanda Peet,A Lot Like Love,11-Jan-72
0005466,Julia Stiles,10 Things I Hate About You,28-Mar-81
0004742,Maria Bello,A History of Violence,18-Apr-67
0578949,Eva Mendes,Hitch,5-Mar-74
1289434,Emily Blunt,Edge of Tomorrow,23-Feb-83
0126284,Rose Byrne,Spy,24-Jul-79
0000171,Ashley Judd,Double Jeopardy,19-Apr-68
3592338,Emilia Clarke,Game of Thrones,23-Oct-86
0000775,Christina Applegate,Don't Tell Mom the Babysitter's Dead,25-Nov-71
0000505,Nia Long,The Best Man,30-Oct-70
0428065,Felicity Jones,Rogue One,17-Oct-83
0000495,Téa Leoni,The Family Man,25-Feb-66
1275259,Alexandra Daddario,Baywatch,16-Mar-86
0540441,Jena Malone,The Neon Demon,21-Nov-84
0000152,Richard Gere,Chicago,31-Aug-49
0296545,Nick Frost,The World's End,28-Mar-72
0000501,Ray Liotta,Narc,18-Dec-54
0001674,Chris Rock,Top Five,7-Feb-65
0358316,Jon Hamm,Mad Men,10-Mar-71
0000439,Neil Patrick Harris,A Series of Unfortunate Events,15-Jun-73
0000221,Charlie Sheen,Two and a Half Men,3-Sep-65
0753314,Mark Rylance,Bridge of Spies,18-Jan-60
0000412,Andy Garcia,Ocean's Eleven,12-Apr-56
0503627,Michael Lerner,Barton Fink,22-Jun-41
0001295,Graham Greene,The Green Mile,22-Jun-52
0001117,Bruce Davison,X-Men,28-Jun-46
0000101,Dan Aykroyd,Ghostbusters,1-Jul-52
0000732,Danny Aiello,Do the Right Thing,20-Jun-33
0000203,River Phoenix,My Own Private Idaho,23-Aug-70
0001777,Dean Stockwell,Quantum Leap,5-Mar-36
0000345,Billy Crystal,Forget Paris,14-Mar-48
0000422,John Goodman,10 Cloverfield Lane,20-Jun-52
0089217,Orlando Bloom,The Lord of the Rings: The Fellowship of the Ring,13-Jan-77
0001745,Stellan Skarsgård,Good Will Hunting,13-Jun
0002907,Alexander Skarsgård,The Legend of Tarzan,25-Aug-76
0000196,Mike Myers,Austin Powers in Goldmember,25-May-63
0879085,Tyrese Gibson,Baby Boy,30-Dec-78
0000704,Elijah Wood,The Lord of the Rings: The Fellowship of the Ring,28-Jan-81
0000362,Danny DeVito,Matilda,17-Nov-44
0001333,Susan Hayward,With a Song in My Heart,30-Jun-17
0735442,Michelle Rodriguez,Fast & Furious 7,12-Jul-78
0001264,Sarah Michelle Gellar,Buffy the Vampire Slayer,14-Apr-77
0644897,Sandra Oh,Killing Eve,20-Jul-71
0452288,Margot Kidder,Superman,17-Oct-48
0461498,Beyoncé,Dreamgirls,4-Sep-81
0356017,Rebecca Hall,Vicky Cristina Barcelona,3-May-82
0005305,Piper Perabo,Coyote Ugly,31-Oct-76
0001073,Courteney Cox,Friends,15-Jun-64
0000205,Parker Posey,Scream 3,8-Nov-68
1745736,Paula Patton,Precious,5-Dec-75
1157358,Michelle Monaghan,Gone Baby Gone,23-Mar-76
0000132,Claire Danes,My So-Called Life,12-Apr-79
0005049,Allison Janney,The Help,19-Nov-59
0098378,Kate Bosworth,Superman Returns,2-Jan-83
0939697,Evan Rachel Wood,Thirteen,7-Sep-87
0000227,Mira Sorvino,Mighty Aphrodite,28-Sep-67
0955471,Ziyi Zhang,Yi dai zong shi,9-Feb-79
0004789,Amanda Bynes,Hairspray,3-Apr-86
0001435,Lisa Kudrow,Friends,30-Jul-63
1779870,Brit Marling,Another Earth,7-Aug-82
7248827,Cynthia Erivo,Harriet,8-Jan-87
0005527,Sofía Vergara,Hot Pursuit,10-Jul-72
0601553,Mandy Moore,A Walk to Remember,10-Apr-84
0000515,Virginia Madsen,Sideways,11-Sep-61
0005188,James Marsden,X-Men,18-Sep-73
0000741,Tim Allen,Toy Story,13-Jun-53
0000610,Giovanni Ribisi,Boiler Room,17-Dec-74
0000442,Rutger Hauer,Hobo with a Shotgun,23-Jan-44
0000681,Vince Vaughn,The Break-Up,28-Mar-70
0004051,Brian Cox,Succession,1-Jun-46
0000598,Dennis Quaid,Far from Heaven,9-Apr-54
0000491,John Leguizamo,Moulin Rouge!,22-Jul-60
0000474,Michael Keaton,Birdman or (The Unexpected Virtue of Ignorance),5-Sep-51
0121605,Billy Burke,Twilight,25-Nov-66
0322407,Brendan Gleeson,The Guard,29-Mar-55
0000314,Charles Bronson,Death Wish,3-Nov-21
0000596,Jonathan Pryce,The Two Popes,1-Jun-47
0001497,Tobey Maguire,Brothers,27-Jun-75
0790688,Michael Sheen,Masters of Sex,5-Feb-69
0519043,Justin Long,Live Free or Die Hard,2-Jun-78
0085312,Jack Black,School of Rock,28-Aug-69
0000316,Mel Brooks,Spaceballs,28-Jun-26
0000112,Pierce Brosnan,Mamma Mia!,16-May-53
0000293,Sean Bean,The Lord of the Rings: The Fellowship of the Ring,17-Apr-59
0991810,Mahershala Ali,Leave the World Behind,16-Feb-74
0241049,Josh Duhamel,Transformers,14-Nov-72
0000552,Eddie Murphy,The Nutty Professor,3-Apr-61
0269463,Jon Favreau,Chef,19-Oct-66
0000418,Danny Glover,Lethal Weapon,22-Jul-46
2951768,Freida Pinto,Slumdog Millionaire,18-Oct-84
0240381,Hilary Duff,A Cinderella Story,28-Sep-87
0935541,Mary Elizabeth Winstead,10 Cloverfield Lane,28-Nov-84
0177639,Jennifer Coolidge,A Cinderella Story,1-Jun-61
2057859,Andrea Riseborough,Birdman or (The Unexpected Virtue of Ignorance),20-Nov-81
0000208,Molly Ringwald,Sixteen Candles,18-Feb-68
0005064,January Jones,X: First Class,5-Jan-78
0748973,Maya Rudolph,Bridesmaids,27-Jul-72
0000521,Sophie Marceau,La boum,17-Nov-66
0004376,Franka Potente,Lola rennt,22-Jul-74
2946516,Claire Foy,First Man,16-Apr-84
0429069,Rashida Jones,Parks and Recreation,25-Feb-76
0000224,Alicia Silverstone,Clueless,4-Oct-76
0001273,Lillian Gish,The Night of the Hunter,"October 14, 1893"
1431940,Evangeline Lilly,The Hobbit: The Desolation of Smaug,3-Aug-79
1469236,Olivia Colman,The Favourite,30-Jan-74
0257969,Mireille Enos,World War Z,22-Sep-75
0001349,Jennifer Love Hewitt,I Know What You Did Last Summer,21-Feb-79
0002536,Emmy Rossum,The Phantom of the Opera,12-Sep-86
1428821,Joey King,The Act,30-Jul
0329481,Ginnifer Goodwin,Zootopia,22-May-78
0852132,Christine Taylor,Dodgeball: A True Underdog Story,30-Jul-71
1227814,Vanessa Hudgens,High School Musical 3: Senior Year,14-Dec-88
0180411,Abbie Cornish,Bright Star,7-Aug-82
6073955,Florence Pugh,The Falling,3-Jan-96
0000453,Ian Holm,The Lord of the Rings: The Fellowship of the Ring,12-Sep-31
0001447,Nathan Lane,The Producers,3-Feb-56
0000144,Cary Elwes,Saw,26-Oct-62
0001454,Martin Lawrence,Martin,16-Apr-65
0176869,Steve Coogan,Philomena,14-Oct-65
0056187,Sacha Baron Cohen,Borat: Cultural Learnings of America for Make Benefit Glorious Nation of Kazakhstan,13-Oct-71
0942482,Jeffrey Wright,American Fiction,7-Dec-65
0000329,Jackie Chan,Ngo si seoi,7-Apr-54
0001173,Aaron Eckhart,The Dark Knight,12-Mar-68
0941777,Sam Worthington,Avatar,2-Aug-76
0202603,Jack Davenport,Pirates of the Caribbean: Dead Man's Chest,1-Mar-73
0000547,Alfred Molina,Spider-Man 2,24-May-53
0000347,Tim Curry,Congo,19-Apr-46
0000434,Mark Hamill,Star Wars,25-Sep
0000409,Brendan Fraser,The Mummy,3-Dec-68
0001084,Ice Cube,Untitled Patrick Aiello/Timur Bekmambetov Sci-FI Pic,15-Jun-69
0000630,Liev Schreiber,X-Men Origins: Wolverine,4-Oct-67
1159180,Ed Helms,The Hangover,24-Jan-74
0000174,Val Kilmer,The Doors,31-Dec-59
1258970,Russell Brand,Arthur,4-Jun-75
0005266,Craig T. Nelson,Coach,4-Apr-44
0005170,Bernie Mac,The Bernie Mac Show,5-Oct-57
0001772,Patrick Stewart,Logan,13-Jul-40
0001293,Seth Green,Robot Chicken,8-Feb-74
0005110,Ashton Kutcher,That '70s Show,7-Feb-78
0001642,Randy Quaid,Kingpin,1-Oct-50
0000648,Wesley Snipes,Blade,31-Jul-62
0654648,David Oyelowo,Lawmen: Bass Reeves,1-Apr-76
0835016,Mark Strong,1917,5-Aug-63
0001705,Rob Schneider,Deuce Bigalow: Male Gigolo,31-Oct-63
0059431,Jay Baruchel,Goon,9-Apr-82
0159789,Hayden Christensen,Star Wars: Episode II - Attack of the Clones,19-Apr-81
0829032,Ray Stevenson,The Three Musketeers,25-May-64
0079273,Paul Bettany,WandaVision,27-May-71
0491402,Hugh Laurie,House M.D.,11-Jun-59
0000676,Chris Tucker,Rush Hour 2,31-Aug-71
0001006,John Candy,"Planes, Trains & Automobiles",31-Oct-50
0000277,Richard Attenborough,Jurassic Park,29-Aug-23
0000563,Chris O'Donnell,Batman & Robin,26-Jun-70
0000973,Benjamin Bratt,Miss Congeniality,16-Dec-63
0996669,Common,John Wick: Chapter 2,13-Mar-72
0005541,Marlon Wayans,White Chicks,23-Jul-72
0000983,Albert Brooks,Drive,22-Jul-47
0666739,Aaron Paul,Breaking Bad,27-Aug-79
0000346,Macaulay Culkin,Home Alone,26-Aug-80
0000385,Sam Elliott,A Star Is Born,9-Aug-44
5473782,Taron Egerton,Kingsman: The Secret Service,10-Nov-89
0001029,Jim Caviezel,The Passion of the Christ,26-Sep-68
0000062,Elvis Presley,Girls! Girls! Girls!,8-Jan-35
1706767,Jonah Hill,21 Jump Street,20-Dec-83
0437646,Sung Kang,Furious 6,8-Apr-72
0837177,Jason Sudeikis,Ted Lasso,18-Sep-75
0001326,Josh Hartnett,Lucky Number Slevin,21-Jul-78
0614165,Cillian Murphy,28 Days Later...,25-May-76
0001082,Billy Crudup,Almost Famous,8-Jul-68
1107001,Anthony Mackie,The Hurt Locker,23-Sep-78
0000858,John Barrymore,Don Juan,"February 15, 1882"
0648249,Timothy Olyphant,Justified,20-May-68
1265802,Josh Gad,Frozen,23-Feb-81
0000708,Billy Zane,Titanic,24-Feb-66
0005561,Luke Wilson,Old School,21-Sep-71
0765597,Peter Sarsgaard,Shattered Glass,7-Mar-71
0406975,Rhys Ifans,The Amazing Spider-Man,22-Jul-67
0333410,Topher Grace,In Good Company,12-Jul-78
0366389,Kevin Hart,Ride Along,6-Jul-79
0200452,Paul Dano,Little Miss Sunshine,19-Jun-84
0352778,Bill Hader,The Skeleton Twins,7-Jun-78
0000507,Rob Lowe,St. Elmo's Fire,17-Mar-64
0000305,Mel Blanc,Who Framed Roger Rabbit,30-May-08
0005450,David Spade,Joe Dirt,22-Jul-64
1443527,Rob Riggle,The Daily Show,21-Apr-70
0000448,Lance Henriksen,Aliens,5-May-40
0420955,Richard Jenkins,The Shape of Water,4-May-47
0000389,Emilio Estevez,The Way,12-May-62
1013003,Michael Ealy,Barbershop,3-Aug-73
0068260,Jamie Bell,Billy Elliot,14-Mar-86
1684869,Troy Baker,The Last of Us,1-Apr-76
1144419,Danny McBride,Pineapple Express,29-Dec-76
0001667,Jonathan Rhys Meyers,Den 12. mann,27-Jul-77
0148418,Michael Cera,Scott Pilgrim vs. the World,7-Jun-88
0000200,Bill Paxton,Aliens,17-May-55
0344435,Ioan Gruffudd,Fantastic Four,6-Oct-73
0511088,Andrew Lincoln,The Walking Dead,14-Sep-73
3009232,Ezra Miller,The Perks of Being a Wallflower,30-Sep-92
0000597,Bill Pullman,Independence Day,17-Dec-53
0732497,Craig Robinson,This Is the End,25-Oct-71
0206359,Charlie Day,It's Always Sunny in Philadelphia,9-Feb-76
1676221,Andy Samberg,Popstar: Never Stop Never Stopping,18-Aug-78
1330560,Garrett Hedlund,Tron: Legacy,3-Sep-84
1544217,Cam Gigandet,Twilight,16-Aug-82
1024677,John Krasinski,Jack Ryan,20-Oct-79
0416673,Kevin James,Paul Blart: Mall Cop,26-Apr-65
0001659,Christopher Reeve,Superman,25-Sep-52
0564215,James McAvoy,Filth,21-Apr-79
0001722,Rufus Sewell,Dark City,29-Oct-67
3485845,Adam Driver,Star Wars: Episode VII - The Force Awakens,19-Nov-83
0000885,Ned Beatty,Network,6-Jul-37
0000092,John Cleese,A Fish Called Wanda,27-Oct-39
0001806,John Turturro,Fading Gigolo,28-Feb-57
0001471,Jerry Lewis,The Nutty Professor,16-Mar-26